id,title,genres,averageRating,numVotes,releaseYear
"tt0111161,""The Shawshank Redemption"",Drama,9.3,2956023,1994"
"tt0068646,""The Godfather"",""Crime, Drama"",9.2,2060807,1972"
"tt0252487,""The Chaos Class"",Comedy,9.2,43628,1975"
"tt0259534,""Ramayana: The Legend of Prince Rama"",""Action, Adventure, Animation"",9.2,15467,1993"
"tt16747572,""The Silence of Swastika"",""Documentary, History"",9.1,10569,2021"
"tt0468569,""The Dark Knight"",""Action, Crime, Drama"",9,2937756,2008"
"tt0167260,""The Lord of the Rings: The Return of the King"",""Action, Adventure, Drama"",9,2023829,2003"
"tt0108052,""Schindler's List"",""Biography, Drama, History"",9,1482766,1993"
"tt0071562,""The Godfather Part II"",""Crime, Drama"",9,1392354,1974"
"tt0050083,""12 Angry Men"",""Crime, Drama"",9,890149,1957"
"tt0110912,""Pulp Fiction"",""Crime, Drama"",8.9,2270247,1994"
"tt0120737,""The Lord of the Rings: The Fellowship of the Ring"",""Action, Adventure, Drama"",8.9,2053650,2001"
"tt5354160,""Mirror Game"",""Crime, Mystery, Thriller"",8.9,30082,2016"
"tt0253828,""Tosun Pasha"",""Comedy, History"",8.9,25039,1976"
"tt0252488,""The Chaos Class Failed the Class"",Comedy,8.9,25016,1975"
"tt5275892,""O.J.: Made in America"",""Biography, Crime, Documentary"",8.9,22644,2016"
"tt0075143,""The Message"",""Action, Adventure, Biography"",8.9,10983,1976"
"tt1375666,Inception,""Action, Adventure, Sci-Fi"",8.8,2607032,2010"
"tt0137523,""Fight Club"",Drama,8.8,2388290,1999"
"tt0109830,""Forrest Gump"",""Drama, Romance"",8.8,2313221,1994"
"tt0167261,""The Lord of the Rings: The Two Towers"",""Action, Adventure, Drama"",8.8,1824648,2002"
"tt0060196,""The Good, the Bad and the Ugly"",""Adventure, Drama, Western"",8.8,828338,1966"
"tt23849204,""12th Fail"",""Biography, Drama"",8.8,132317,2023"
"tt16492678,""Demon Slayer: Kimetsu no Yaiba - Tsuzumi Mansion Arc"",""Action, Animation, Fantasy"",8.8,25852,2021"
"tt0253779,""The Foster Brothers"",Comedy,8.8,21374,1976"
"tt0084302,""The Marathon Family"",""Comedy, Drama"",8.8,17255,1982"
"tt10534500,#Home,""Drama, Family"",8.8,15991,2021"
"tt0086935,""Balkan Spy"",""Comedy, Drama"",8.8,12652,1984"
"tt2077886,""The Phantom of the Opera at the Royal Albert Hall"",""Drama, Musical, Romance"",8.8,10153,2011"
"tt0816692,Interstellar,""Adventure, Drama, Sci-Fi"",8.7,2182644,2014"
"tt0133093,""The Matrix"",""Action, Sci-Fi"",8.7,2099015,1999"
"tt0080684,""Star Wars: Episode V - The Empire Strikes Back"",""Action, Adventure, Fantasy"",8.7,1407106,1980"
"tt0099685,Goodfellas,""Biography, Crime, Drama"",8.7,1286647,1990"
"tt0073486,""One Flew Over the Cuckoo's Nest"",Drama,8.7,1091136,1975"
"tt15097216,""Jai Bhim"",""Crime, Drama, Mystery"",8.7,221088,2021"
"tt10189514,""Soorarai Pottru"",Drama,8.7,125865,2020"
"tt9263550,""Rocketry: The Nambi Effect"",""Biography, Drama"",8.7,59780,2022"
"tt7466810,""777 Charlie"",""Adventure, Comedy, Drama"",8.7,41718,2022"
"tt0093603,Nayakan,""Crime, Drama"",8.7,25467,1987"
"tt0088178,""Stop Making Sense"",""Documentary, Music"",8.7,21645,1984"
"tt0252490,""The Chaos Class Is Waking Up"",Comedy,8.7,21187,1976"
"tt8176054,""Pariyerum Perumal"",Drama,8.7,19029,2018"
"tt0253614,""Saban, Son of Saban"",Comedy,8.7,19018,1977"
"tt0252597,""Feyzo, the Polite One"",""Comedy, Drama"",8.7,17643,1978"
"tt6019206,""Kill Bill: The Whole Bloody Affair"",""Action, Crime, Thriller"",8.7,17471,2006"
"tt0076276,""Who's Singin' Over There?"",""Adventure, Comedy, Drama"",8.7,16921,1980"
"tt7738784,Peranbu,""Drama, Family"",8.7,16857,2018"
"tt14888874,""Demon Slayer: Kimetsu no Yaiba - Mt. Natagumo Arc"",""Action, Animation, Fantasy"",8.7,16829,2020"
"tt0201368,""The Broken Landlord"",""Comedy, Drama"",8.7,16675,1985"
"tt17592606,Daman,""Adventure, Drama"",8.7,13818,2022"
"tt0214915,Manichithrathazhu,""Comedy, Horror, Mystery"",8.7,12908,1993"
"tt8737152,Toma,""Biography, Drama, Music"",8.7,12666,2021"
"tt0765833,""Happy Days"",""Comedy, Drama, Family"",8.7,12156,1978"
"tt0090015,Shoah,""Documentary, History, War"",8.7,10790,1985"
"tt0114369,Se7en,""Crime, Drama, Mystery"",8.6,1846304,1995"
"tt0102926,""The Silence of the Lambs"",""Crime, Drama, Thriller"",8.6,1586470,1991"
"tt0120815,""Saving Private Ryan"",""Drama, War"",8.6,1528454,1998"
"tt0076759,""Star Wars: Episode IV - A New Hope"",""Action, Adventure, Fantasy"",8.6,1475976,1977"
"tt0120689,""The Green Mile"",""Crime, Drama, Fantasy"",8.6,1441340,1999"
"tt0103064,""Terminator 2: Judgment Day"",""Action, Adventure, Sci-Fi"",8.6,1199877,1991"
"tt0245429,""Spirited Away"",""Adventure, Animation, Family"",8.6,876218,2001"
"tt0317248,""City of God"",""Crime, Drama"",8.6,816657,2002"
"tt0118799,""Life Is Beautiful"",""Comedy, Drama, Romance"",8.6,757426,1997"
"tt10811166,""The Kashmir Files"",Drama,8.6,575301,2022"
"tt0038650,""It's a Wonderful Life"",""Drama, Family, Fantasy"",8.6,507766,1946"
"tt9362722,""Spider-Man: Across the Spider-Verse"",""Action, Adventure, Animation"",8.6,410610,2023"
"tt0047478,""Seven Samurai"",""Action, Drama"",8.6,373797,1954"
"tt0056058,Harakiri,""Action, Drama, Mystery"",8.6,72687,1962"
"tt27719898,Kaiva,""Action, Drama, Romance"",8.6,68924,2023"
"tt0367495,""Anbe Sivam"",""Adventure, Comedy, Drama"",8.6,26066,2003"
tt0358456,Earthlings,Documentary,8.6,19970,2005
"tt0252489,""The Chaos Class Is on Vacation"",Comedy,8.6,19131,1977"
"tt0116860,""Pretty Village, Pretty Flame"",""Drama, History, War"",8.6,18044,1996"
"tt0271383,""A Dog's Will"",""Comedy, Drama, Fantasy"",8.6,17531,2000"
"tt4139928,""The Legend of Maula Jatt"",""Action, Drama, Fantasy"",8.6,10858,2022"
"tt0267351,""My Dear Brother"",Drama,8.6,10481,1973"
"tt1853728,""Django Unchained"",""Comedy, Drama, Western"",8.5,1736545,2012"
"tt0172495,Gladiator,""Action, Adventure, Drama"",8.5,1667331,2000"
"tt0482571,""The Prestige"",""Drama, Mystery, Sci-Fi"",8.5,1473098,2006"
"tt0407887,""The Departed"",""Crime, Drama, Thriller"",8.5,1450107,2006"
"tt0088763,""Back to the Future"",""Adventure, Comedy, Sci-Fi"",8.5,1339262,1985"
"tt0110413,""Léon: The Professional"",""Action, Crime, Drama"",8.5,1271338,1994"
"tt0120586,""American History X"",""Crime, Drama"",8.5,1206462,1998"
"tt0110357,""The Lion King"",""Adventure, Animation, Drama"",8.5,1168602,1994"
"tt0114814,""The Usual Suspects"",""Crime, Drama, Mystery"",8.5,1164181,1995"
"tt2582802,Whiplash,""Drama, Music"",8.5,1025424,2014"
"tt6751668,Parasite,""Drama, Thriller"",8.5,1002577,2019"
"tt0078748,Alien,""Horror, Sci-Fi"",8.5,986801,1979"
"tt1675434,""The Intouchables"",""Comedy, Drama"",8.5,950031,2011"
"tt0253474,""The Pianist"",""Biography, Drama, Music"",8.5,936244,2002"
"tt0054215,Psycho,""Horror, Mystery, Thriller"",8.5,733904,1960"
"tt0034583,Casablanca,""Drama, Romance, War"",8.5,616338,1942"
"tt15239678,""Dune: Part Two"",""Action, Adventure, Drama"",8.5,534711,2024"
"tt0047396,""Rear Window"",""Mystery, Thriller"",8.5,532836,1954"
"tt0064116,""Once Upon a Time in the West"",""Drama, Western"",8.5,355205,1968"
"tt0095327,""Grave of the Fireflies"",""Animation, Drama, War"",8.5,325736,1988"
"tt0095765,""Cinema Paradiso"",""Drama, Romance"",8.5,289826,1988"
"tt0027977,""Modern Times"",""Comedy, Drama, Romance"",8.5,264600,1936"
"tt0021749,""City Lights"",""Comedy, Drama, Romance"",8.5,199949,1931"
"tt1424432,Senna,""Biography, Documentary, Sport"",8.5,77936,2010"
"tt20850406,""Sita Ramam"",""Action, Drama, Mystery"",8.5,71836,2022"
"tt26548265,Maharaja,""Action, Crime, Drama"",8.5,51075,2024"
"tt1152758,""Dear Zachary: A Letter to a Son About His Father"",""Biography, Crime, Documentary"",8.5,41792,2008"
tt0103767,Baraka,Documentary,8.5,41481,1992
"tt7019842,96,""Drama, Romance"",8.5,39051,2018"
"tt11580854,""Sarpatta Parambarai"",""Action, Drama, Sport"",8.5,26135,2021"
"tt0346336,""The Best of Youth"",""Drama, Romance"",8.5,23597,2003"
"tt8948790,Jersey,""Drama, Sport"",8.5,23507,2019"
"tt0058625,""Woman in the Dunes"",""Drama, Thriller"",8.5,23408,1964"
"tt24082438,""20 Days in Mariupol"",""Documentary, War"",8.5,23353,2023"
"tt1014762,Home,""Documentary, Family"",8.5,23151,2009"
"tt0253997,""The King of the Street Cleaners"",""Comedy, Romance"",8.5,21773,1977"
"tt0054407,""The Hole"",""Crime, Drama, Thriller"",8.5,21060,1960"
"tt0079221,""Gol Maal"",""Comedy, Romance"",8.5,20384,1979"
"tt8413338,""Kumbalangi Nights"",""Comedy, Drama, Romance"",8.5,18886,2019"
"tt0263975,""The Girl with the Red Scarf"",""Drama, Romance"",8.5,17214,1977"
"tt0101649,Thalapathi,""Action, Crime, Drama"",8.5,13694,1991"
"tt9617456,""For Sama"",""Biography, Documentary, War"",8.5,13074,2019"
tt0253991,Zübük,Comedy,8.5,11427,1980
"tt1345836,""The Dark Knight Rises"",""Action, Drama, Thriller"",8.4,1866814,2012"
"tt0361748,""Inglourious Basterds"",""Adventure, Drama, War"",8.4,1625156,2009"
"tt7286456,Joker,""Crime, Drama, Thriller"",8.4,1553417,2019"
"tt0209144,Memento,""Mystery, Thriller"",8.4,1346911,2000"
"tt4154796,""Avengers: Endgame"",""Action, Adventure, Drama"",8.4,1306933,2019"
"tt4154756,""Avengers: Infinity War"",""Action, Adventure, Sci-Fi"",8.4,1240678,2018"
"tt0910970,WALL·E,""Adventure, Animation, Family"",8.4,1227384,2008"
"tt0081505,""The Shining"",""Drama, Horror"",8.4,1134522,1980"
"tt0082971,""Raiders of the Lost Ark"",""Action, Adventure"",8.4,1052481,1981"
"tt0090605,Aliens,""Action, Adventure, Sci-Fi"",8.4,788728,1986"
"tt0078788,""Apocalypse Now"",""Drama, Mystery, War"",8.4,723701,1979"
"tt4633694,""Spider-Man: Into the Spider-Verse"",""Action, Adventure, Animation"",8.4,697621,2018"
"tt2380307,Coco,""Adventure, Animation, Drama"",8.4,617557,2017"
"tt1187043,""3 Idiots"",""Comedy, Drama"",8.4,445303,2009"
"tt0086879,Amadeus,""Biography, Drama, Music"",8.4,436752,1984"
"tt0405094,""The Lives of Others"",""Drama, Mystery, Thriller"",8.4,417246,2006"
"tt5311514,""Your Name."",""Animation, Drama, Fantasy"",8.4,336613,2016"
"tt0082096,""Das Boot"",""Drama, War"",8.4,268961,1981"
"tt0032553,""The Great Dictator"",""Comedy, Drama, War"",8.4,241690,1940"
"tt0043014,""Sunset Boulevard"",""Drama, Film-Noir"",8.4,241319,1950"
"tt0050825,""Paths of Glory"",""Drama, War"",8.4,218271,1957"
"tt0051201,""Witness for the Prosecution"",""Crime, Drama, Mystery"",8.4,141934,1957"
tt8267604,Capernaum,Drama,8.4,110096,2018
"tt0091251,""Come and See"",""Drama, Thriller, War"",8.4,103001,1985"
"tt0057565,""High and Low"",""Crime, Drama, Mystery"",8.4,55888,1963"
"tt1313104,""The Cove"",""Biography, Crime, Documentary"",8.4,51840,2009"
"tt9900782,Kaithi,""Action, Crime, Drama"",8.4,44448,2019"
"tt21626284,""Laapataa Ladies"",""Comedy, Drama"",8.4,43848,2023"
"tt12361178,""Drishyam 2"",""Crime, Drama, Thriller"",8.4,41895,2021"
"tt0770802,Samsara,""Documentary, Music"",8.4,38539,2011"
"tt9477520,Asuran,""Action, Drama"",8.4,34541,2019"
"tt3674140,""The Salt of the Earth"",""Biography, Documentary, History"",8.4,23949,2014"
"tt0416960,""The Lizard"",""Comedy, Drama"",8.4,22963,2004"
"tt0400234,""Black Friday"",""Action, Crime, Drama"",8.4,22325,2004"
"tt4987556,""Thani Oruvan"",""Action, Crime, Thriller"",8.4,22090,2015"
"tt5959980,""Vada Chennai"",""Action, Crime, Drama"",8.4,20495,2018"
"tt0047445,""Sansho the Bailiff"",Drama,8.4,18625,1954"
"tt0052572,""The World of Apu"",Drama,8.4,17180,1959"
"tt7465992,Mahanati,""Biography, Drama"",8.4,15234,2018"
"tt0059550,""Operation 'Y' & Other Shurik's Adventures"",""Comedy, Crime, Drama"",8.4,15170,1965"
"tt0073000,""The Pinchcliffe Grand Prix"",""Animation, Comedy, Family"",8.4,14503,1975"
"tt0314067,Philanthropy,""Comedy, Drama"",8.4,14005,2002"
"tt0252591,""King of the Doormen"",Comedy,8.4,13920,1976"
"tt4991384,Visaaranai,""Crime, Drama, Thriller"",8.4,12474,2015"
"tt0184756,""Mr. Muhsin"",""Comedy, Drama, Music"",8.4,12010,1987"
"tt12415546,""Attack on Titan: Chronicle"",""Action, Adventure, Animation"",8.4,11993,2020"
"tt0383846,""When I Grow Up, I'll Be a Kangaroo"",Comedy,8.4,11721,2004"
"tt0169547,""American Beauty"",Drama,8.3,1227960,1999"
"tt1049413,Up,""Adventure, Animation, Comedy"",8.3,1150875,2009"
"tt0086190,""Star Wars: Episode VI - Return of the Jedi"",""Action, Adventure, Fantasy"",8.3,1141266,1983"
"tt0105236,""Reservoir Dogs"",""Crime, Thriller"",8.3,1109208,1992"
"tt0112573,Braveheart,""Biography, Drama, War"",8.3,1108091,1995"
"tt0338013,""Eternal Sunshine of the Spotless Mind"",""Drama, Romance, Sci-Fi"",8.3,1101752,2004"
"tt0119217,""Good Will Hunting"",""Drama, Romance"",8.3,1099095,1997"
"tt0114709,""Toy Story"",""Adventure, Animation, Comedy"",8.3,1091892,1995"
"tt0086250,Scarface,""Crime, Drama"",8.3,937929,1983"
"tt0180093,""Requiem for a Dream"",Drama,8.3,917183,2000"
"tt0435761,""Toy Story 3"",""Adventure, Animation, Comedy"",8.3,909471,2010"
"tt15398776,Oppenheimer,""Biography, Drama, History"",8.3,809115,2023"
"tt0211915,Amélie,""Comedy, Romance"",8.3,805412,2001"
"tt0113277,Heat,""Action, Crime, Drama"",8.3,734779,1995"
"tt0062622,""2001: A Space Odyssey"",""Adventure, Sci-Fi"",8.3,734074,1968"
"tt0364569,Oldboy,""Action, Drama, Mystery"",8.3,654239,2003"
"tt0057012,""Dr. Strangelove or: How I Learned to Stop Worrying and Love the Bomb"",""Comedy, War"",8.3,527232,1964"
"tt0033467,""Citizen Kane"",""Drama, Mystery"",8.3,472546,1941"
"tt0119698,""Princess Mononoke"",""Action, Adventure, Animation"",8.3,445147,1997"
"tt0052357,Vertigo,""Mystery, Romance, Thriller"",8.3,435706,1958"
"tt0087843,""Once Upon a Time in America"",""Crime, Drama"",8.3,384731,1984"
"tt2106476,""The Hunt"",Drama,8.3,374195,2012"
"tt0053125,""North by Northwest"",""Action, Adventure, Mystery"",8.3,351870,1959"
"tt0056592,""To Kill a Mockingbird"",""Crime, Drama"",8.3,337662,1962"
"tt0056172,""Lawrence of Arabia"",""Adventure, Biography, Drama"",8.3,321136,1962"
"tt0070735,""The Sting"",""Comedy, Crime, Drama"",8.3,284215,1973"
"tt0045152,""Singin' in the Rain"",""Comedy, Musical, Romance"",8.3,265891,1952"
"tt1832382,""A Separation"",Drama,8.3,262877,2011"
"tt5074352,Dangal,""Action, Biography, Drama"",8.3,217327,2016"
"tt1255953,Incendies,""Drama, Mystery, War"",8.3,212037,2010"
"tt0986264,""Like Stars on Earth"",""Drama, Family"",8.3,211353,2007"
"tt0053604,""The Apartment"",""Comedy, Drama, Romance"",8.3,201255,1960"
"tt0017136,Metropolis,""Drama, Sci-Fi"",8.3,189144,1927"
"tt0040522,""Bicycle Thieves"",Drama,8.3,178831,1948"
"tt0022100,M,""Crime, Mystery, Thriller"",8.3,171857,1931"
"tt0036775,""Double Indemnity"",""Crime, Drama, Film-Noir"",8.3,170447,1944"
"tt8110330,""Dil Bechara"",""Comedy, Drama, Romance"",8.3,135538,2020"
"tt10295212,Shershaah,""Action, Biography, Drama"",8.3,131065,2021"
"tt8503618,Hamilton,""Biography, Drama, History"",8.3,119290,2020"
tt0044741,Ikiru,Drama,8.3,90639,1952
"tt0055031,""Judgment at Nuremberg"",""Drama, War"",8.3,87494,1961"
"tt9179430,Vikram,""Action, Crime, Drama"",8.3,77567,2022"
"tt9052870,Chhichhore,""Comedy, Drama, Romance"",8.3,65826,2019"
"tt7060344,Raatchasan,""Action, Crime, Drama"",8.3,52165,2018"
"tt29623480,""The Wild Robot"",""Animation, Sci-Fi"",8.3,50245,2024"
"tt10280296,""Sardar Udham"",""Biography, Crime, Drama"",8.3,48180,2021"
"tt3417422,Drishyam,""Crime, Drama, Thriller"",8.3,44913,2013"
"tt0019760,""Man with a Movie Camera"",Documentary,8.3,28561,1929"
"tt0110057,""Hoop Dreams"",""Documentary, Drama, Sport"",8.3,28390,1994"
"tt7681902,""Won't You Be My Neighbor?"",""Biography, Documentary, History"",8.3,27409,2018"
"tt4679210,Premam,""Comedy, Drama, Romance"",8.3,24705,2015"
"tt3668162,""Bangalore Days"",""Comedy, Drama, Romance"",8.3,23463,2014"
"tt0376127,Anniyan,""Action, Crime, Drama"",8.3,22348,2005"
"tt0058888,""Red Beard"",Drama,8.3,21695,1965"
"tt0037674,""Children of Paradise"",""Drama, Romance"",8.3,21500,1945"
"tt9098872,""The Rescue"",""Action, Documentary, Mystery"",8.3,21388,2021"
"tt0110081,""To Live"",""Drama, War"",8.3,20937,1994"
"tt4908644,""Winter on Fire: Ukraine's Fight for Freedom"",""Documentary, History, War"",8.3,20838,2015"
"tt0050634,""The Cranes Are Flying"",""Drama, Romance, War"",8.3,20364,1957"
"tt13391710,""Jana Gana Mana"",""Crime, Drama, Thriller"",8.3,18087,2022"
"tt10214826,""Agent Sai Srinivasa Athreya"",""Comedy, Crime, Mystery"",8.3,17404,2019"
"tt0195231,Satya,""Action, Crime, Drama"",8.3,17141,1998"
"tt0062759,""The Diamond Arm"",""Adventure, Comedy, Crime"",8.3,16610,1969"
"tt5312232,Sairat,""Drama, Romance"",8.3,15073,2016"
"tt0085743,""Jaane Bhi Do Yaaro"",""Comedy, Crime, Drama"",8.3,14929,1983"
tt5867800,Aruvi,Drama,8.3,14572,2016
"tt0061847,""Samurai Rebellion"",Drama,8.3,14468,1967"
"tt3521134,""The Look of Silence"",""Biography, Documentary, History"",8.3,14104,2014"
"tt0060584,""Kidnapping, Caucasian Style"",""Adventure, Comedy, Drama"",8.3,13872,1967"
"tt2358592,Lucia,""Drama, Sci-Fi, Thriller"",8.3,13488,2013"
"tt9006564,2018,""Action, Drama, Thriller"",8.3,13424,2023"
"tt0072783,""Chupke Chupke"",""Comedy, Drama, Romance"",8.3,13391,1975"
"tt0068519,""Gentlemen of Fortune"",""Comedy, Crime, Drama"",8.3,13182,1971"
"tt0252619,""From the Village to the City"",Comedy,8.3,12084,1974"
"tt2877108,""Soodhu Kavvum"",""Comedy, Crime, Thriller"",8.3,12060,2013"
"tt0139876,Baasha,""Action, Crime, Drama"",8.3,11784,1995"
"tt18568902,""Kaun Pravin Tambe?"",""Biography, Drama, Sport"",8.3,11320,2022"
"tt8652818,""Violet Evergarden: The Movie"",""Animation, Drama, Fantasy"",8.3,11081,2020"
"tt0179955,""Cat City"",""Adventure, Animation, Comedy"",8.3,10955,1986"
"tt4851630,""Maheshinte Prathikaaram"",""Comedy, Drama, Thriller"",8.3,10757,2016"
"tt0301634,""Frozen Stiff"",""Comedy, Drama"",8.3,10304,2002"
"tt0993846,""The Wolf of Wall Street"",""Biography, Comedy, Crime"",8.2,1629107,2013"
"tt0372784,""Batman Begins"",""Action, Crime, Drama"",8.2,1609640,2005"
"tt1130884,""Shutter Island"",""Drama, Mystery, Thriller"",8.2,1499299,2010"
"tt0120382,""The Truman Show"",""Comedy, Drama"",8.2,1233432,1998"
"tt0266697,""Kill Bill: Vol. 1"",""Action, Crime, Thriller"",8.2,1220488,2003"
"tt0266543,""Finding Nemo"",""Adventure, Animation, Comedy"",8.2,1134128,2003"
"tt0107290,""Jurassic Park"",""Action, Adventure, Sci-Fi"",8.2,1090713,1993"
"tt0477348,""No Country for Old Men"",""Crime, Drama, Thriller"",8.2,1087621,2007"
"tt0167404,""The Sixth Sense"",""Drama, Mystery, Thriller"",8.2,1074341,1999"
"tt0268978,""A Beautiful Mind"",""Biography, Drama, Mystery"",8.2,1003083,2001"
"tt0095016,""Die Hard"",""Action, Thriller"",8.2,961746,1988"
"tt0075314,""Taxi Driver"",""Crime, Drama"",8.2,947458,1976"
"tt0208092,Snatch,""Comedy, Crime"",8.2,926134,2000"
"tt10872600,""Spider-Man: No Way Home"",""Action, Adventure, Fantasy"",8.2,911894,2021"
"tt0066921,""A Clockwork Orange"",""Crime, Sci-Fi"",8.2,895020,1971"
"tt1392214,Prisoners,""Crime, Drama, Mystery"",8.2,837025,2013"
"tt0097576,""Indiana Jones and the Last Crusade"",""Action, Adventure"",8.2,823092,1989"
"tt0093058,""Full Metal Jacket"",""Drama, War"",8.2,805036,1987"
"tt1745960,""Top Gun: Maverick"",""Action, Drama"",8.2,736728,2022"
"tt0457430,""Pan's Labyrinth"",""Drama, Fantasy, War"",8.2,712561,2006"
"tt8579674,1917,""Action, Drama, History"",8.2,700253,2019"
"tt0469494,""There Will Be Blood"",Drama,8.2,653626,2007"
"tt0119488,""L.A. Confidential"",""Crime, Drama, Mystery"",8.2,629343,1997"
"tt6966692,""Green Book"",""Biography, Comedy, Drama"",8.2,600852,2018"
"tt0071853,""Monty Python and the Holy Grail"",""Adventure, Comedy, Fantasy"",8.2,578187,1975"
"tt0112641,Casino,""Crime, Drama"",8.2,576175,1995"
"tt0084787,""The Thing"",""Horror, Mystery, Sci-Fi"",8.2,481336,1982"
"tt0347149,""Howl's Moving Castle"",""Adventure, Animation, Family"",8.2,465096,2004"
"tt0105695,Unforgiven,""Drama, Western"",8.2,443310,1992"
"tt0363163,Downfall,""Biography, Drama, History"",8.2,380828,2004"
"tt0031381,""Gone with the Wind"",""Drama, Romance, War"",8.2,339294,1939"
"tt0053291,""Some Like It Hot"",""Comedy, Music, Romance"",8.2,288055,1959"
"tt0059578,""For a Few Dollars More"",""Drama, Western"",8.2,280723,1965"
"tt0080678,""The Elephant Man"",""Biography, Drama"",8.2,263256,1980"
"tt0057115,""The Great Escape"",""Adventure, Drama, Thriller"",8.2,262842,1963"
"tt1305806,""The Secret in Their Eyes"",""Drama, Mystery, Romance"",8.2,226481,2009"
"tt10272386,""The Father"",""Drama, Mystery"",8.2,201972,2020"
"tt4729430,Klaus,""Adventure, Animation, Comedy"",8.2,196055,2019"
"tt0046912,""Dial M for Murder"",""Crime, Thriller"",8.2,192825,1954"
"tt0042876,Rashomon,""Crime, Drama, Mystery"",8.2,184556,1950"
"tt10698680,""K.G.F: Chapter 2"",""Action, Crime, Drama"",8.2,153868,2022"
"tt0042192,""All About Eve"",Drama,8.2,141080,1950"
"tt0089881,Ran,""Action, Drama, War"",8.2,139133,1985"
"tt0012349,""The Kid"",""Comedy, Drama, Family"",8.2,137453,1921"
"tt0040897,""The Treasure of the Sierra Madre"",""Adventure, Drama, Western"",8.2,134378,1948"
"tt0055630,Yojimbo,""Action, Drama, Thriller"",8.2,133995,1961"
"tt4849438,""Baahubali 2: The Conclusion"",""Action, Drama"",8.2,118435,2017"
"tt5813916,""The Mountain II"",""Action, Drama, War"",8.2,110893,2016"
"tt1954470,""Gangs of Wasseypur"",""Action, Comedy, Crime"",8.2,105833,2012"
"tt8108198,Andhadhun,""Crime, Mystery, Thriller"",8.2,105702,2018"
"tt15327088,Kantara,""Action, Adventure, Drama"",8.2,105288,2022"
"tt7838252,""K.G.F: Chapter 1"",""Action, Crime, Drama"",8.2,101279,2018"
"tt0367110,Swades,""Drama, Musical"",8.2,99959,2004"
"tt4430212,Drishyam,""Crime, Drama, Mystery"",8.2,98124,2015"
"tt0476735,""My Father and My Son"",""Drama, Family"",8.2,94658,2005"
"tt1562872,""Zindagi Na Milegi Dobara"",""Comedy, Drama, Musical"",8.2,88115,2011"
"tt0118849,""Children of Heaven"",""Drama, Family, Sport"",8.2,82738,1997"
"tt1645089,""Inside Job"",""Crime, Documentary"",8.2,80118,2010"
"tt11032374,""Demon Slayer: Kimetsu no Yaiba - The Movie: Mugen Train"",""Action, Adventure, Animation"",8.2,78205,2020"
"tt0242519,""Hera Pheri"",""Action, Comedy, Crime"",8.2,74119,2000"
"tt8291224,""Uri: The Surgical Strike"",""Action, Drama, History"",8.2,74038,2019"
"tt2125608,""Searching for Sugar Man"",""Biography, Documentary, Music"",8.2,73778,2012"
"tt2356180,""Bhaag Milkha Bhaag"",""Biography, Drama, Sport"",8.2,73362,2013"
"tt8239946,Tumbbad,""Drama, Fantasy, Horror"",8.2,64978,2018"
"tt0015324,""Sherlock Jr."",""Action, Comedy, Romance"",8.2,58906,1924"
"tt10431500,""Miracle in Cell No. 7"",Drama,8.2,57287,2019"
"tt6148156,""Vikram Vedha"",""Action, Crime, Drama"",8.2,51679,2017"
"tt15501640,""Drishyam 2"",""Crime, Drama, Mystery"",8.2,46710,2022"
"tt20256528,""What Is a Woman?"",Documentary,8.2,44763,2022"
"tt6316138,""Ayla: The Daughter of War"",""Biography, Drama, History"",8.2,44704,2017"
"tt0085809,Koyaanisqatsi,""Documentary, Music"",8.2,42441,1982"
"tt2375605,""The Act of Killing"",""Biography, Crime, Documentary"",8.2,41474,2012"
"tt0048473,""Pather Panchali"",Drama,8.2,39320,1955"
"tt7905466,""They Shall Not Grow Old"",""Documentary, History, War"",8.2,39029,2018"
"tt1620933,""Paan Singh Tomar"",""Action, Biography, Crime"",8.2,38377,2012"
"tt5895028,13th,""Crime, Documentary, History"",8.2,38077,2016"
"tt0071411,""Dersu Uzala"",""Adventure, Biography, Drama"",8.2,34211,1975"
"tt5929776,""The First Born"",""Documentary, News"",8.2,29097,2016"
"tt0045274,""Umberto D."",Drama,8.2,28805,1952"
"tt7392212,Rangasthalam,""Action, Drama"",8.2,28375,2018"
"tt4983780,Maanaadu,""Action, Adventure, Sci-Fi"",8.2,25838,2021"
"tt0049902,""A Man Escaped"",""Drama, Thriller, War"",8.2,25825,1956"
"tt0466460,""Khosla Ka Ghosla!"",""Comedy, Crime, Drama"",8.2,25387,2006"
"tt0100234,Close-Up,""Biography, Crime, Drama"",8.2,23957,1990"
"tt26458038,""Manjummel Boys"",""Adventure, Drama, Thriller"",8.2,22614,2024"
"tt0042804,""The Young and the Damned"",""Crime, Drama"",8.2,22412,1950"
"tt0054248,""Rocco and His Brothers"",""Crime, Drama, Sport"",8.2,22094,1960"
"tt0041154,""Late Spring"",""Comedy, Drama"",8.2,19854,1949"
"tt0070233,""Ivan Vasilyevich Changes His Profession"",""Adventure, Comedy, Sci-Fi"",8.2,18889,1973"
"tt0117293,""Paradise Lost: The Child Murders at Robin Hood Hills"",""Crime, Documentary"",8.2,18498,1996"
"tt0100332,""Paris Is Burning"",Documentary,8.2,18446,1990"
"tt7019942,""Super Deluxe"",""Comedy, Crime, Drama"",8.2,18216,2019"
"tt25433734,""Hi Nanna"",""Drama, Family, Romance"",8.2,18100,2023"
"tt5460658,""Life and a Day"",Drama,8.2,18007,2016"
"tt2181831,Shahid,""Biography, Drama"",8.2,17952,2012"
tt0048452,Ordet,Drama,8.2,17800,1955
"tt0081059,""Lion of the Desert"",""Biography, Drama, History"",8.2,17768,1980"
"tt0422320,Ghilli,""Action, Drama, Romance"",8.2,17750,2004"
"tt0050371,""A Face in the Crowd"",""Drama, Music"",8.2,17631,1957"
"tt7060460,""Theeran Adhigaram Ondru"",""Action, Crime, Thriller"",8.2,17472,2017"
"tt6380520,""Dhuruvangal Pathinaaru"",""Crime, Drama, Mystery"",8.2,17240,2016"
"tt2218988,""Ustad Hotel"",""Comedy, Drama"",8.2,17074,2012"
tt0048956,Aparajito,Drama,8.2,16409,1956
"tt0471571,Athadu,""Action, Crime, Drama"",8.2,15331,2005"
"tt0023042,""I Am a Fugitive from a Chain Gang"",""Crime, Drama, Film-Noir"",8.2,14753,1932"
"tt1180583,""Vaaranam Aayiram"",""Action, Drama, Musical"",8.2,14669,2008"
"tt9500372,""Pocket Hercules: Naim Süleymanoglu"",""Biography, Drama, History"",8.2,14399,2019"
"tt3569782,Jigarthanda,""Comedy, Crime, Drama"",8.2,13879,2014"
"tt9124428,Champion,""Biography, Drama, Romance"",8.2,13454,2018"
"tt0101985,""A Brighter Summer Day"",""Crime, Drama, Romance"",8.2,13372,1991"
"tt0056512,""The Easy Life"",""Comedy, Drama"",8.2,12997,1962"
tt0111341,Satantango,Drama,8.2,12913,1994
"tt0052600,""Ballad of a Soldier"",""Drama, Romance, War"",8.2,11566,1959"
"tt0058604,""I Am Cuba"",Drama,8.2,11066,1964"
"tt0076727,""Office Romance"",""Comedy, Drama, Romance"",8.2,10649,1977"
"tt0075404,""The Ascent"",""Drama, War"",8.2,10515,1977"
"tt0843326,Bommarillu,""Comedy, Drama, Romance"",8.2,10280,2006"
tt3153634,Hope,Drama,8.2,10180,2013
"tt0325980,""Pirates of the Caribbean: The Curse of the Black Pearl"",""Action, Adventure, Fantasy"",8.1,1235660,2003"
"tt0434409,""V for Vendetta"",""Action, Drama, Sci-Fi"",8.1,1195156,2005"
"tt1392190,""Mad Max: Fury Road"",""Action, Adventure, Sci-Fi"",8.1,1135873,2015"
"tt0264464,""Catch Me If You Can"",""Biography, Crime, Drama"",8.1,1126295,2002"
"tt2267998,""Gone Girl"",""Drama, Mystery, Thriller"",8.1,1092393,2014"
"tt0198781,""Monsters, Inc."",""Adventure, Animation, Comedy"",8.1,1002049,2001"
"tt1201607,""Harry Potter and the Deathly Hallows: Part 2"",""Adventure, Family, Fantasy"",8.1,969055,2011"
"tt0088247,""The Terminator"",""Action, Adventure, Sci-Fi"",8.1,943727,1984"
"tt2278388,""The Grand Budapest Hotel"",""Adventure, Comedy, Crime"",8.1,904430,2014"
"tt0118715,""The Big Lebowski"",""Comedy, Crime"",8.1,874136,1998"
"tt3315342,Logan,""Action, Drama, Sci-Fi"",8.1,865098,2017"
"tt0382932,Ratatouille,""Adventure, Animation, Comedy"",8.1,853068,2007"
"tt0083658,""Blade Runner"",""Action, Drama, Sci-Fi"",8.1,837165,1982"
"tt2096673,""Inside Out"",""Adventure, Animation, Comedy"",8.1,836574,2015"
"tt1205489,""Gran Torino"",Drama,8.1,825659,2008"
"tt0892769,""How to Train Your Dragon"",""Action, Adventure, Animation"",8.1,818507,2010"
"tt2024544,""12 Years a Slave"",""Biography, Drama, History"",8.1,751707,2013"
"tt0116282,Fargo,""Crime, Thriller"",8.1,738608,1996"
tt0117951,Trainspotting,Drama,8.1,736798,1996
"tt0405159,""Million Dollar Baby"",""Drama, Sport"",8.1,732105,2004"
"tt0073195,Jaws,""Adventure, Drama, Thriller"",8.1,677539,1975"
"tt0758758,""Into the Wild"",""Adventure, Biography, Drama"",8.1,667331,2007"
"tt0075148,Rocky,""Drama, Sport"",8.1,642702,1976"
"tt0120735,""Lock, Stock and Two Smoking Barrels"",""Action, Comedy, Crime"",8.1,624967,1998"
"tt2119532,""Hacksaw Ridge"",""Biography, Drama, History"",8.1,614157,2016"
"tt5027774,""Three Billboards Outside Ebbing, Missouri"",""Comedy, Crime, Drama"",8.1,566827,2017"
"tt0097165,""Dead Poets Society"",""Comedy, Drama"",8.1,565956,1989"
"tt1979320,Rush,""Action, Biography, Drama"",8.1,522875,2013"
"tt1895587,Spotlight,""Biography, Crime, Drama"",8.1,509299,2015"
"tt1291584,Warrior,""Action, Drama, Sport"",8.1,504704,2011"
"tt1454029,""The Help"",Drama,8.1,501913,2011"
"tt1950186,""Ford v Ferrari"",""Action, Biography, Drama"",8.1,498987,2019"
"tt0070047,""The Exorcist"",Horror,8.1,466167,1973"
"tt3170832,Room,""Drama, Thriller"",8.1,459030,2015"
"tt0092005,""Stand by Me"",""Adventure, Comedy, Drama"",8.1,452100,1986"
"tt0091763,Platoon,""Drama, War"",8.1,446754,1986"
"tt0032138,""The Wizard of Oz"",""Adventure, Family, Fantasy"",8.1,436172,1939"
"tt0096283,""My Neighbor Totoro"",""Animation, Comedy, Family"",8.1,392716,1988"
"tt0081398,""Raging Bull"",""Biography, Drama, Sport"",8.1,386608,1980"
"tt0395169,""Hotel Rwanda"",""Biography, Drama, History"",8.1,377687,2004"
"tt0077416,""The Deer Hunter"",""Drama, War"",8.1,368104,1978"
"tt0071315,Chinatown,""Drama, Mystery, Thriller"",8.1,356923,1974"
"tt0112471,""Before Sunrise"",""Drama, Romance"",8.1,348230,1995"
"tt1028532,""Hachi: A Dog's Tale"",""Biography, Drama, Family"",8.1,318770,2009"
"tt0381681,""Before Sunset"",""Drama, Romance"",8.1,294301,2004"
"tt0059742,""The Sound of Music"",""Biography, Drama, Family"",8.1,267035,1965"
"tt0052618,Ben-Hur,""Adventure, Drama"",8.1,257378,1959"
"tt0050212,""The Bridge on the River Kwai"",""Adventure, Drama, War"",8.1,237008,1957"
"tt0129167,""The Iron Giant"",""Action, Adventure, Animation"",8.1,235170,1999"
"tt0353969,""Memories of Murder"",""Crime, Drama, Mystery"",8.1,226521,2003"
"tt3011894,""Wild Tales"",""Comedy, Drama, Thriller"",8.1,221632,2014"
"tt2338151,PK,""Comedy, Drama, Sci-Fi"",8.1,205722,2014"
"tt0113247,""La haine"",""Crime, Drama"",8.1,203055,1995"
"tt0050976,""The Seventh Seal"",""Drama, Fantasy"",8.1,202601,1957"
"tt0061512,""Cool Hand Luke"",""Crime, Drama"",8.1,191521,1967"
"tt0107207,""In the Name of the Father"",""Biography, Crime, Drama"",8.1,191076,1993"
"tt0978762,""Mary and Max"",""Animation, Comedy, Drama"",8.1,190076,2009"
"tt0072684,""Barry Lyndon"",""Adventure, Drama, War"",8.1,187306,1975"
"tt0041959,""The Third Man"",""Film-Noir, Mystery, Thriller"",8.1,185466,1949"
"tt4016934,""The Handmaiden"",""Drama, Romance, Thriller"",8.1,179606,2016"
tt0074958,Network,Drama,8.1,174042,1976
"tt0118694,""In the Mood for Love"",""Drama, Romance"",8.1,171148,2000"
"tt0047296,""On the Waterfront"",""Crime, Drama, Thriller"",8.1,168034,1954"
"tt0032976,Rebecca,""Drama, Mystery, Romance"",8.1,149414,1940"
"tt0053198,""The 400 Blows"",""Crime, Drama"",8.1,129725,1959"
"tt0087884,""Paris, Texas"",Drama,8.1,125026,1984"
"tt0405508,""Rang De Basanti"",""Comedy, Crime, Drama"",8.1,123299,2006"
"tt0031679,""Mr. Smith Goes to Washington"",""Comedy, Drama"",8.1,123216,1939"
"tt0169102,""Lagaan: Once Upon a Time in India"",""Drama, Musical, Sport"",8.1,122284,2001"
"tt0015864,""The Gold Rush"",""Adventure, Comedy, Drama"",8.1,120619,1925"
"tt0050986,""Wild Strawberries"",""Drama, Romance"",8.1,117173,1957"
"tt0025316,""It Happened One Night"",""Comedy, Romance"",8.1,114602,1934"
"tt8613070,""Portrait of a Lady on Fire"",""Drama, Romance"",8.1,113989,2019"
"tt0111495,""Three Colors: Red"",""Drama, Mystery, Romance"",8.1,111793,1994"
"tt5323662,""A Silent Voice: The Movie"",""Animation, Drama"",8.1,107745,2016"
"tt0032551,""The Grapes of Wrath"",Drama,8.1,101729,1940"
"tt3863552,""Bajrangi Bhaijaan"",""Action, Adventure, Comedy"",8.1,100792,2015"
"tt0017925,""The General"",""Action, Adventure, Comedy"",8.1,99960,1926"
"tt0374887,""Munna Bhai M.B.B.S."",""Comedy, Drama"",8.1,90086,2003"
tt11555492,Farha,Drama,8.1,89887,2021
"tt2082197,Barfi!,""Comedy, Drama, Romance"",8.1,88287,2012"
"tt0871510,""Chak De! India"",""Drama, Family, Sport"",8.1,86088,2007"
"tt0056217,""The Man Who Shot Liberty Valance"",""Drama, Western"",8.1,83986,1962"
"tt1280558,""A Wednesday"",""Action, Crime, Drama"",8.1,83200,2008"
"tt10554232,""Dara of Jasenovac"",""Drama, War"",8.1,81978,2020"
"tt7775622,""Free Solo"",""Adventure, Documentary, Sport"",8.1,79548,2018"
"tt0292490,""Dil Chahta Hai"",""Comedy, Drama, Romance"",8.1,76792,2001"
"tt2545118,Blackfish,""Documentary, Drama, Horror"",8.1,73697,2013"
"tt0116231,""The Bandit"",""Crime, Drama, Thriller"",8.1,73120,1996"
"tt0036868,""The Best Years of Our Lives"",""Drama, Romance, War"",8.1,72097,1946"
"tt0046438,""Tokyo Story"",Drama,8.1,70641,1953"
"tt0046911,Diabolique,""Crime, Drama, Horror"",8.1,70453,1955"
"tt3322420,Queen,""Adventure, Comedy, Drama"",8.1,69024,2013"
"tt0020629,""All Quiet on the Western Front"",""Drama, War"",8.1,68707,1930"
"tt0083922,""Fanny and Alexander"",Drama,8.1,68232,1982"
"tt0046268,""The Wages of Fear"",""Adventure, Drama, Thriller"",8.1,68023,1953"
"tt0058946,""The Battle of Algiers"",""Drama, War"",8.1,67253,1966"
"tt0169858,""Neon Genesis Evangelion: The End of Evangelion"",""Action, Animation, Drama"",8.1,67239,1997"
"tt1821480,Kahaani,""Mystery, Thriller"",8.1,66834,2012"
"tt2283748,""OMG: Oh My God!"",""Comedy, Drama, Fantasy"",8.1,66772,2012"
"tt12888462,""My Octopus Teacher"",""Documentary, Drama"",8.1,65758,2020"
"tt0019254,""The Passion of Joan of Arc"",""Biography, Drama, History"",8.1,62339,1928"
"tt0073707,Sholay,""Action, Adventure, Comedy"",8.1,59680,1975"
"tt0018455,Sunrise,""Drama, Romance"",8.1,54511,1927"
"tt0070510,""Paper Moon"",""Comedy, Crime, Drama"",8.1,53594,1973"
"tt0050783,""Nights of Cabiria"",Drama,8.1,52649,1957"
"tt0074896,""The Message"",""Biography, Drama, History"",8.1,51574,1976"
"tt2140203,""Wolf Children"",""Animation, Drama, Family"",8.1,50771,2012"
"tt2991224,Tangerines,""Drama, War"",8.1,49697,2013"
tt1639426,Udaan,Drama,8.1,47899,2010
"tt0035446,""To Be or Not to Be"",""Comedy, Romance, War"",8.1,44561,1942"
"tt0051808,""The Hidden Fortress"",""Action, Adventure, Drama"",8.1,43123,1958"
"tt0040725,""The Red Shoes"",""Drama, Music, Romance"",8.1,40241,1948"
"tt0043338,""Ace in the Hole"",""Drama, Film-Noir"",8.1,39921,1951"
"tt0028950,""The Grand Illusion"",""Drama, War"",8.1,39467,1937"
"tt4934950,Talvar,""Crime, Drama, Mystery"",8.1,39072,2015"
"tt0077711,""Autumn Sonata"",""Drama, Music"",8.1,38882,1978"
"tt2187153,Thuppakki,""Action, Thriller"",8.1,38865,2012"
"tt4573394,""Endless Corridor"",""Documentary, History"",8.1,38301,2014"
"tt10324144,""Article 15"",""Crime, Drama, Mystery"",8.1,37659,2019"
"tt0048021,Rififi,""Crime, Drama, Thriller"",8.1,37359,1955"
"tt0018773,""The Circus"",""Comedy, Family, Romance"",8.1,36634,1928"
tt0375611,Black,Drama,8.1,36556,2005
"tt0042041,""White Heat"",""Action, Crime, Drama"",8.1,36511,1949"
"tt8108268,""The Tashkent Files"",""Drama, Mystery, Thriller"",8.1,36232,2019"
"tt0101640,""Raise the Red Lantern"",""Drama, Romance"",8.1,35916,1991"
"tt0066763,Anand,""Drama, Musical"",8.1,35828,1971"
"tt14152756,Seaspiracy,""Adventure, Documentary"",8.1,34563,2021"
"tt0106332,""Farewell My Concubine"",""Drama, Music, Romance"",8.1,34100,1993"
"tt0053946,""Inherit the Wind"",""Biography, Drama, History"",8.1,33424,1960"
"tt0097223,""Time of the Gypsies"",""Comedy, Crime, Drama"",8.1,33109,1988"
"tt9851854,Major,""Action, Biography, Drama"",8.1,32908,2022"
tt4635372,Masaan,Drama,8.1,32168,2015
"tt0065234,Z,""Crime, Drama, Thriller"",8.1,31937,1969"
"tt3801314,Kaththi,""Action, Drama"",8.1,31018,2014"
"tt0244316,""Yi Yi"",""Drama, Romance"",8.1,29392,2000"
"tt0263438,""Everything's Gonna Be Great"",""Comedy, Drama, Thriller"",8.1,28272,1998"
"tt0091288,""Jean de Florette"",""Comedy, Drama"",8.1,27960,1986"
"tt8760684,""Apollo 11"",""Documentary, History"",8.1,27591,2019"
"tt0200087,Sarfarosh,""Action, Crime, Drama"",8.1,27497,1999"
"tt3302820,""Cowspiracy: The Sustainability Secret"",Documentary,8.1,26821,2014"
"tt0064040,""Army of Shadows"",""Drama, War"",8.1,26791,1969"
"tt0095467,""A Short Film About Love"",""Drama, Romance"",8.1,26657,1988"
tt0055601,Viridiana,Drama,8.1,26543,1961
"tt0046478,Ugetsu,""Drama, Fantasy, War"",8.1,26443,1953"
"tt0044008,""A Christmas Carol"",""Drama, Family, Fantasy"",8.1,26010,1951"
"tt0428870,""A Moment to Remember"",""Drama, Romance"",8.1,25971,2004"
"tt0351817,""The Twilight Samurai"",""Drama, Romance"",8.1,25940,2002"
"tt0317910,""The Fog of War"",""Biography, Documentary, History"",8.1,25328,2003"
"tt0104561,""Jo Jeeta Wohi Sikandar"",""Comedy, Drama, Romance"",8.1,24599,1992"
"tt2659414,""Miracle in Cell No. 7"",""Comedy, Drama"",8.1,24550,2013"
"tt0102015,""Hearts of Darkness: A Filmmaker's Apocalypse"",Documentary,8.1,23958,1991"
"tt0014429,""Safety Last!"",""Action, Comedy, Thriller"",8.1,23419,1923"
"tt0425333,Pardon,""Comedy, Drama"",8.1,23408,2005"
"tt7286916,""The Dawn Wall"",""Biography, Documentary, Sport"",8.1,21492,2017"
"tt0056241,""The Miracle Worker"",""Biography, Drama"",8.1,20915,1962"
"tt0077838,""The Last Waltz"",""Biography, Documentary, Music"",8.1,20614,1978"
tt0128332,Innocence,Drama,8.1,20496,1997
"tt0093342,""Where Is the Friend's House?"",""Drama, Family"",8.1,19739,1987"
"tt1781069,""Zeitgeist: Moving Forward"",Documentary,8.1,18794,2011"
"tt0066580,Woodstock,""Documentary, History, Music"",8.1,18718,1970"
"tt8144834,""Section 375"",""Crime, Drama, Mystery"",8.1,18677,2019"
"tt0191043,""The Color of Paradise"",""Drama, Family"",8.1,18456,1999"
"tt0453729,Iqbal,""Drama, Sport"",8.1,17881,2005"
"tt0041452,""The Heiress"",""Drama, Romance"",8.1,17706,1949"
"tt0319736,""The Legend of Bhagat Singh"",""Action, Biography, Drama"",8.1,17524,2002"
"tt0016847,Faust,""Drama, Fantasy, Horror"",8.1,17028,1926"
"tt11375428,Hridayam,""Drama, Musical, Romance"",8.1,16795,2022"
"tt0076085,""A Special Day"",Drama,8.1,16448,1977"
"tt19853258,""Still: A Michael J. Fox Movie"",""Biography, Documentary"",8.1,16149,2023"
"tt4432480,RangiTaranga,""Mystery, Thriller"",8.1,15424,2015"
"tt0116630,Indian,""Action, Drama, Thriller"",8.1,15140,1996"
"tt0105271,Roja,""Drama, Romance, Thriller"",8.1,13983,1992"
"tt0112553,Bombay,""Drama, Romance"",8.1,13906,1995"
"tt10706602,Collective,""Crime, Documentary"",8.1,13643,2019"
"tt1634013,""Montevideo: Taste of a Dream"",""Adventure, Comedy, Drama"",8.1,13156,2010"
"tt1113829,""George Harrison: Living in the Material World"",""Biography, Documentary, Music"",8.1,12787,2011"
"tt3455224,Virunga,""Documentary, War"",8.1,12373,2014"
"tt0330243,""Day of the Wacko"",""Comedy, Drama, Romance"",8.1,12177,2002"
"tt0036506,""Day of Wrath"",""Drama, History"",8.1,11326,1943"
"tt13299890,""The Great Indian Kitchen"",""Comedy, Drama"",8.1,10148,2021"
"tt0848228,""The Avengers"",""Action, Sci-Fi"",8,1481463,2012"
"tt2015381,""Guardians of the Galaxy"",""Action, Adventure, Comedy"",8,1293647,2014"
"tt1431045,Deadpool,""Action, Comedy"",8,1174399,2016"
"tt3659388,""The Martian"",""Adventure, Drama, Sci-Fi"",8,946162,2015"
"tt1160419,""Dune: Part One"",""Action, Adventure, Drama"",8,910277,2021"
"tt1663202,""The Revenant"",""Action, Adventure, Drama"",8,891198,2015"
"tt1010048,""Slumdog Millionaire"",""Crime, Drama, Romance"",8,885683,2008"
"tt0246578,""Donnie Darko"",""Drama, Mystery, Sci-Fi"",8,865168,2001"
"tt0947798,""Black Swan"",""Drama, Thriller"",8,840721,2010"
"tt2084970,""The Imitation Game"",""Biography, Drama, Thriller"",8,838132,2014"
"tt0317705,""The Incredibles"",""Action, Adventure, Animation"",8,830333,2004"
"tt0378194,""Kill Bill: Vol. 2"",""Action, Crime, Thriller"",8,821619,2004"
"tt0401792,""Sin City"",""Crime, Thriller"",8,800041,2005"
"tt1504320,""The King's Speech"",""Biography, Drama, History"",8,714352,2010"
"tt0381061,""Casino Royale"",""Action, Adventure, Thriller"",8,705256,2006"
"tt0107048,""Groundhog Day"",""Comedy, Drama, Fantasy"",8,698284,1993"
"tt3783958,""La La Land"",""Comedy, Drama, Music"",8,694370,2016"
"tt1856101,""Blade Runner 2049"",""Action, Drama, Mystery"",8,688041,2017"
"tt1798709,Her,""Drama, Romance, Sci-Fi"",8,685437,2013"
"tt0440963,""The Bourne Ultimatum"",""Action, Mystery, Thriller"",8,664791,2007"
"tt0114746,""12 Monkeys"",""Mystery, Sci-Fi, Thriller"",8,655140,1995"
"tt0450259,""Blood Diamond"",""Adventure, Drama, Thriller"",8,596054,2006"
"tt0454921,""The Pursuit of Happyness"",""Biography, Drama"",8,574740,2006"
"tt2948356,Zootopia,""Action, Adventure, Animation"",8,562290,2016"
"tt0095953,""Rain Man"",Drama,8,554775,1988"
"tt0101414,""Beauty and the Beast"",""Animation, Family, Fantasy"",8,485760,1991"
"tt0103639,Aladdin,""Adventure, Animation, Comedy"",8,478240,1992"
"tt0319061,""Big Fish"",""Adventure, Drama, Fantasy"",8,463973,2003"
"tt0093779,""The Princess Bride"",""Adventure, Comedy, Family"",8,458030,1987"
"tt0079470,""Monty Python's Life of Brian"",Comedy,8,425149,1979"
"tt2948372,Soul,""Adventure, Animation, Comedy"",8,393543,2020"
"tt0105323,""Scent of a Woman"",Drama,8,338407,1992"
tt0175880,Magnolia,Drama,8,333038,1999
"tt0099348,""Dances with Wolves"",""Adventure, Drama, Western"",8,296232,1990"
"tt0061722,""The Graduate"",""Comedy, Drama, Romance"",8,292466,1967"
"tt0075686,""Annie Hall"",""Comedy, Romance"",8,281086,1977"
"tt0072890,""Dog Day Afternoon"",""Biography, Crime, Drama"",8,277452,1975"
"tt0245712,""Amores Perros"",""Drama, Thriller"",8,256399,2000"
"tt3741834,Lion,""Biography, Drama"",8,255042,2016"
"tt0063522,""Rosemary's Baby"",""Drama, Horror"",8,242555,1968"
"tt0083987,Gandhi,""Biography, Drama, History"",8,241811,1982"
"tt1220719,""Ip Man"",""Action, Biography, Drama"",8,235876,2008"
"tt0064115,""Butch Cassidy and the Sundance Kid"",""Biography, Crime, Drama"",8,229206,1969"
"tt0094625,Akira,""Action, Animation, Drama"",8,210230,1988"
"tt0063442,""Planet of the Apes"",""Adventure, Sci-Fi"",8,201444,1968"
"tt0352248,""Cinderella Man"",""Biography, Drama, Romance"",8,200981,2005"
"tt4857264,""The Invisible Guest"",""Crime, Drama, Mystery"",8,197015,2016"
"tt0092067,""Castle in the Sky"",""Adventure, Animation, Family"",8,186679,1986"
"tt0087544,""Nausicaä of the Valley of the Wind"",""Adventure, Animation, Sci-Fi"",8,186572,1984"
"tt0102138,JFK,""Drama, History, Thriller"",8,173074,1991"
"tt0072431,""Young Frankenstein"",Comedy,8,172032,1974"
"tt10366460,CODA,""Comedy, Drama, Music"",8,171012,2021"
"tt0276919,Dogville,""Crime, Drama"",8,161152,2003"
"tt0046250,""Roman Holiday"",""Comedy, Drama, Romance"",8,149910,1953"
"tt0310793,""Bowling for Columbine"",""Crime, Documentary, Drama"",8,149712,2002"
"tt0079944,Stalker,""Drama, Sci-Fi"",8,147720,1979"
"tt2631186,""Baahubali: The Beginning"",""Action, Drama"",8,140767,2015"
"tt0070511,Papillon,""Biography, Crime, Drama"",8,140254,1973"
"tt0060827,Persona,""Drama, Thriller"",8,133324,1966"
"tt0338564,""Infernal Affairs"",""Action, Crime, Drama"",8,133176,2002"
tt0056801,8½,Drama,8,127041,1963
"tt0861739,""Elite Squad"",""Action, Crime, Drama"",8,112432,2007"
"tt0052311,""Touch of Evil"",""Crime, Drama, Film-Noir"",8,111183,1958"
"tt0401383,""The Diving Bell and the Butterfly"",""Biography, Drama"",8,111016,2007"
"tt0156887,""Perfect Blue"",""Animation, Crime, Drama"",8,101438,1997"
"tt0808417,Persepolis,""Animation, Biography, Drama"",8,101365,2007"
"tt0048424,""The Night of the Hunter"",""Crime, Drama, Film-Noir"",8,100437,1955"
"tt0117666,""Sling Blade"",Drama,8,100129,1996"
"tt0109424,""Chungking Express"",""Comedy, Crime, Drama"",8,99528,1994"
"tt0166896,""The Straight Story"",""Biography, Drama"",8,99466,1999"
"tt0154420,""The Celebration"",Drama,8,95408,1998"
"tt1555149,""Elite Squad 2: The Enemy Within"",""Action, Crime, Drama"",8,87972,2010"
"tt0374546,""Spring, Summer, Fall, Winter... and Spring"",""Drama, Romance"",8,87768,2003"
"tt0084503,""Pink Floyd: The Wall"",""Drama, Fantasy, Music"",8,86624,1982"
"tt0369702,""The Sea Inside"",""Biography, Drama"",8,86046,2004"
"tt0061184,""Who's Afraid of Virginia Woolf?"",Drama,8,81234,1966"
"tt0053779,""La Dolce Vita"",""Comedy, Drama"",8,79593,1960"
"tt0112870,""Dilwale Dulhania Le Jayenge"",""Drama, Romance"",8,78585,1995"
"tt0386032,Sicko,""Documentary, Drama"",8,77127,2007"
"tt0052561,""Anatomy of a Murder"",""Drama, Mystery"",8,73242,1959"
"tt0010323,""The Cabinet of Dr. Caligari"",""Horror, Mystery, Thriller"",8,71740,1920"
"tt0120731,""The Legend of 1900"",""Drama, Music, Romance"",8,70163,1998"
"tt4169250,""M.S. Dhoni: The Untold Story"",""Biography, Drama, Sport"",8,69989,2016"
"tt0053221,""Rio Bravo"",Western,8,69441,1959"
"tt0384116,G.O.R.A.,""Adventure, Comedy, Sci-Fi"",8,68092,2004"
"tt0047528,""La Strada"",Drama,8,67387,1954"
"tt1865505,""Song of the Sea"",""Adventure, Animation, Drama"",8,64197,2014"
"tt0056687,""What Ever Happened to Baby Jane?"",""Drama, Horror, Thriller"",8,63499,1962"
tt3612616,Mommy,Drama,8,62944,2014
"tt0114787,Underground,""Comedy, Drama, Fantasy"",8,61948,1995"
"tt1185616,""Waltz with Bashir"",""Animation, Biography, Documentary"",8,61052,2008"
"tt0062229,""Le Samouraï"",""Crime, Drama, Thriller"",8,60226,1967"
"tt2377938,""Special 26"",""Crime, Drama, Thriller"",8,59955,2013"
"tt3390572,Haider,""Action, Crime, Drama"",8,58589,2014"
"tt4044364,Citizenfour,""Biography, Documentary"",8,58527,2014"
"tt0060107,""Andrei Rublev"",""Biography, Drama, History"",8,57901,1966"
"tt0118843,""Black Cat, White Cat"",""Comedy, Crime, Romance"",8,56997,1998"
"tt0050613,""Throne of Blood"",Drama,8,56977,1957"
"tt2758880,""Winter Sleep"",Drama,8,56446,2014"
"tt2576852,""The Tale of The Princess Kaguya"",""Animation, Drama, Family"",8,56073,2013"
"tt0109117,""Andaz Apna Apna"",""Action, Comedy, Romance"",8,55874,1994"
tt1069238,Departures,Drama,8,55625,2008
"tt0067328,""The Last Picture Show"",""Drama, Romance"",8,53411,1971"
"tt0293715,""My Sassy Girl"",""Comedy, Drama, Romance"",8,51084,2001"
"tt0456144,""Lage Raho Munna Bhai"",""Comedy, Drama, Romance"",8,51084,2006"
"tt5571734,Pink,""Crime, Drama, Thriller"",8,49117,2016"
"tt0067093,""Fiddler on the Roof"",""Drama, Family, Musical"",8,48663,1971"
"tt0117589,""Secrets & Lies"",""Comedy, Drama"",8,48239,1996"
"tt2375559,""1: Nenokkadine"",""Action, Thriller"",8,46817,2014"
"tt0037558,""Brief Encounter"",""Drama, Romance"",8,45308,1945"
"tt0140888,""Central Station"",Drama,8,43610,1998"
"tt0056443,Sanjuro,""Action, Drama, Thriller"",8,41878,1962"
"tt0039689,""Out of the Past"",""Crime, Drama, Film-Noir"",8,41743,1947"
"tt4257858,""Going Clear: Scientology & the Prison of Belief"",Documentary,8,41434,2015"
"tt0386064,""Tae Guk Gi: The Brotherhood of War"",""Action, Drama, War"",8,41391,2004"
"tt0056111,""Ivan's Childhood"",""Drama, War"",8,40749,1962"
"tt0041546,""Kind Hearts and Coronets"",""Comedy, Crime"",8,40214,1949"
"tt5198068,Wolfwalkers,""Action, Adventure, Animation"",8,40011,2020"
"tt0083946,Fitzcarraldo,""Adventure, Drama"",8,39594,1982"
"tt0270053,Vizontele,""Comedy, Drama"",8,39484,2001"
"tt8633462,""Quo Vadis, Aida?"",""Drama, History, War"",8,39393,2020"
"tt0033045,""The Shop Around the Corner"",""Comedy, Drama, Romance"",8,39341,1940"
"tt0379557,""Touching the Void"",""Adventure, Documentary, Drama"",8,38560,2003"
"tt0923752,""The King of Kong: A Fistful of Quarters"",""Biography, Documentary, Sport"",8,37829,2007"
"tt0092593,""Au Revoir les Enfants"",""Drama, War"",8,36753,1987"
"tt0051036,""Sweet Smell of Success"",""Drama, Film-Noir"",8,36634,1957"
"tt0056732,""The Exterminating Angel"",""Drama, Fantasy"",8,36146,1962"
"tt1171701,""The Breath"",""Action, Drama, Thriller"",8,35770,2009"
"tt0408664,""Nobody Knows"",Drama,8,32419,2004"
"tt0053976,""The Virgin Spring"",Drama,8,32161,1960"
"tt3461252,""The Blue Elephant"",""Crime, Drama, Horror"",8,30236,2014"
"tt0072417,""A Woman Under the Influence"",""Drama, Romance"",8,30012,1974"
"tt0038890,""Rome, Open City"",""Drama, Thriller, War"",8,29839,1945"
"tt24485052,""Sirf Ek Bandaa Kaafi Hai"",""Crime, Drama, Thriller"",8,29796,2023"
"tt6628102,""The Wild Pear Tree"",Drama,8,28625,2018"
"tt1935156,""Jodorowsky's Dune"",Documentary,8,28150,2013"
"tt0057358,""Winter Light"",Drama,8,27608,1963"
"tt7236034,""I Want to Eat Your Pancreas"",""Animation, Drama, Family"",8,26709,2018"
"tt0038733,""A Matter of Life and Death"",""Drama, Fantasy, Romance"",8,25696,1946"
"tt0036244,""The Ox-Bow Incident"",""Drama, Western"",8,25409,1942"
"tt0070460,""Day for Night"",""Comedy, Drama, Romance"",8,25182,1973"
"tt0058083,""Fail Safe"",""Drama, Thriller"",8,25121,1964"
"tt0071141,""Ali: Fear Eats the Soul"",""Drama, Romance"",8,24456,1974"
"tt0091480,""Manon of the Spring"",Drama,8,24357,1986"
"tt11581174,Karnan,""Action, Drama"",8,24071,2021"
"tt28814949,""Taylor Swift: The Eras Tour"",""Documentary, Music, Musical"",8,23051,2023"
"tt2070649,Silenced,""Crime, Drama, Thriller"",8,23034,2011"
"tt0095468,""A Short Film About Killing"",""Crime, Drama"",8,22903,1988"
"tt0044837,Limelight,""Drama, Music, Romance"",8,22608,1952"
"tt0488414,Omkara,""Action, Crime, Drama"",8,22548,2006"
"tt0109508,Crumb,""Biography, Comedy, Documentary"",8,21927,1994"
"tt0379225,""The Corporation"",""Documentary, History"",8,21912,2003"
"tt10869778,Maidaan,""Biography, Drama, History"",8,21289,2024"
"tt0424227,""Turtles Can Fly"",""Drama, War"",8,21217,2004"
"tt3449292,""Manjhi: The Mountain Man"",""Biography, Drama"",8,20265,2015"
"tt1499666,""Castaway on the Moon"",""Comedy, Drama, Romance"",8,20031,2009"
"tt8991268,Honeyland,""Documentary, Drama"",8,19675,2019"
"tt3268458,""The Internet's Own Boy: The Story of Aaron Swartz"",""Biography, Crime, Documentary"",8,18171,2014"
"tt18687124,""BTS Permission to Dance on Stage - Seoul: Live Viewing"",""Documentary, Music"",8,17522,2022"
"tt3560686,""The Fool"",""Crime, Drama, Thriller"",8,16918,2014"
"tt0036112,""The Life and Death of Colonel Blimp"",""Drama, Romance, War"",8,16896,1943"
"tt0249241,""Werckmeister Harmonies"",""Drama, Mystery"",8,16472,2000"
"tt0296574,Company,""Action, Crime, Drama"",8,16390,2002"
"tt1128075,""Love Exposure"",""Action, Comedy, Drama"",8,16386,2008"
"tt1261047,Gulaal,""Crime, Drama, Thriller"",8,16140,2009"
"tt0816258,Pokiri,""Action, Crime, Thriller"",8,15935,2006"
"tt22488728,""Love Today"",""Comedy, Drama, Romance"",8,15924,2022"
"tt0015064,""The Last Laugh"",""Drama, Horror"",8,15540,1924"
tt0063611,Shame,Drama,8,15336,1968
"tt2458948,""Evangelion: 3.0+1.01 Thrice Upon a Time"",""Action, Animation, Drama"",8,15123,2021"
"tt0220832,""Vaastav: The Reality"",""Action, Crime, Drama"",8,15087,1999"
tt0084934,Yol,Drama,8,14756,1982
"tt0079579,""Moscow Does Not Believe in Tears"",""Comedy, Drama, Romance"",8,14609,1980"
"tt0012364,""The Phantom Carriage"",""Drama, Fantasy, Horror"",8,14492,1921"
"tt0054460,""The Bad Sleep Well"",""Crime, Drama, Thriller"",8,14408,1960"
"tt10919240,Malik,""Action, Biography, Crime"",8,14280,2021"
"tt11422728,""Summer of Soul (...Or, When the Revolution Could Not Be Televised)"",""Documentary, History, Music"",8,14229,2021"
tt32765621,Sipahi,Drama,8,13830,2024
"tt0065889,""Investigation of a Citizen Above Suspicion"",""Crime, Drama"",8,13789,1970"
"tt0018742,""The Cameraman"",""Comedy, Drama, Family"",8,13467,1928"
"tt5082014,Charlie,""Adventure, Drama, Romance"",8,13427,2015"
"tt0043686,""Forbidden Games"",""Drama, War"",8,13324,1952"
"tt1282139,""Cars of the Revolution"",Drama,8,12830,2008"
"tt0478209,""Metal: A Headbanger's Journey"",""Documentary, Music"",8,12580,2005"
"tt0379370,Maqbool,""Crime, Drama, Thriller"",8,12362,2003"
"tt0278736,""Stanley Kubrick: A Life in Pictures"",""Biography, Documentary"",8,12274,2001"
"tt3686998,""The Red Pill"",Documentary,8,12181,2016"
"tt2926068,Manam,""Comedy, Drama, Fantasy"",8,12169,2014"
"tt0072860,Deewaar,""Action, Crime, Drama"",8,12048,1975"
"tt0165546,""The Wounds"",""Comedy, Crime, Drama"",8,11927,1998"
"tt2150209,""My Grandfather's People"",""Comedy, Drama, Family"",8,11491,2011"
"tt0263208,""Abbas in Flower"",""Comedy, Drama, Romance"",8,11340,1982"
"tt10515086,""The Blue Elephant 2"",""Crime, Drama, Horror"",8,11316,2019"
"tt0063633,""The Cremator"",""Comedy, Crime, Drama"",8,11285,1969"
"tt11322920,""Ayyappanum Koshiyum"",""Action, Drama, Thriller"",8,11110,2020"
"tt2028530,""Paradise Lost 3: Purgatory"",""Crime, Documentary"",8,11066,2011"
"tt0056444,""An Autumn Afternoon"",Drama,8,11030,1962"
"tt0015881,Greed,""Drama, Thriller, Western"",8,11018,1924"
"tt0366840,Okkadu,""Action, Drama, Romance"",8,10979,2003"
"tt27542289,""Por Thozhil"",""Action, Crime, Thriller"",8,10852,2023"
"tt7476236,""Minding the Gap"",""Documentary, Sport"",8,10649,2018"
"tt24226474,""Jigarthanda Double X"",""Action, Comedy, Drama"",8,10345,2023"
"tt0436971,""Why We Fight"",""Documentary, History, War"",8,10291,2005"
"tt0499549,Avatar,""Action, Adventure, Fantasy"",7.9,1406601,2009"
"tt0120338,Titanic,""Drama, Romance"",7.9,1310237,1997"
"tt0371746,""Iron Man"",""Action, Adventure, Sci-Fi"",7.9,1147373,2008"
"tt3501632,""Thor: Ragnarok"",""Action, Adventure, Comedy"",7.9,834287,2017"
"tt8946378,""Knives Out"",""Comedy, Crime, Drama"",7.9,793536,2019"
"tt2543164,Arrival,""Drama, Mystery, Sci-Fi"",7.9,791988,2016"
"tt1877832,""X-Men: Days of Future Past"",""Action, Adventure, Sci-Fi"",7.9,759321,2014"
"tt1631867,""Edge of Tomorrow"",""Action, Adventure, Sci-Fi"",7.9,754923,2014"
"tt0126029,Shrek,""Adventure, Animation, Comedy"",7.9,752143,2001"
"tt1136608,""District 9"",""Action, Sci-Fi, Thriller"",7.9,725964,2009"
"tt0304141,""Harry Potter and the Prisoner of Azkaban"",""Adventure, Family, Fantasy"",7.9,708032,2004"
"tt0454876,""Life of Pi"",""Adventure, Drama, Fantasy"",7.9,675307,2012"
"tt0120363,""Toy Story 2"",""Adventure, Animation, Comedy"",7.9,631866,1999"
"tt0796366,""Star Trek"",""Action, Adventure, Sci-Fi"",7.9,624781,2009"
"tt1727824,""Bohemian Rhapsody"",""Biography, Drama, Music"",7.9,607228,2018"
"tt0365748,""Shaun of the Dead"",""Comedy, Horror"",7.9,606923,2004"
"tt1659337,""The Perks of Being a Wallflower"",Drama,7.9,558434,2012"
"tt0206634,""Children of Men"",""Action, Drama, Sci-Fi"",7.9,537973,2006"
"tt0099487,""Edward Scissorhands"",""Drama, Fantasy, Romance"",7.9,535797,1990"
"tt0790636,""Dallas Buyers Club"",""Biography, Drama"",7.9,526395,2013"
"tt0327056,""Mystic River"",""Crime, Drama, Mystery"",7.9,494125,2003"
"tt0780536,""In Bruges"",""Comedy, Crime, Drama"",7.9,469710,2008"
"tt2584384,""Jojo Rabbit"",""Comedy, Drama, War"",7.9,453463,2019"
"tt12361974,""Zack Snyder's Justice League"",""Action, Adventure, Fantasy"",7.9,447093,2021"
"tt0083866,""E.T. the Extra-Terrestrial"",""Adventure, Family, Sci-Fi"",7.9,445280,1982"
"tt6791350,""Guardians of the Galaxy Vol. 3"",""Action, Adventure, Comedy"",7.9,403525,2023"
"tt0166924,""Mulholland Drive"",""Drama, Mystery, Thriller"",7.9,391421,2001"
"tt0107688,""The Nightmare Before Christmas"",""Animation, Family, Fantasy"",7.9,384429,1993"
tt1065073,Boyhood,Drama,7.9,371178,2014
"tt7653254,""Marriage Story"",""Drama, Romance"",7.9,353466,2019"
"tt1125849,""The Wrestler"",""Drama, Sport"",7.9,322725,2008"
"tt0181875,""Almost Famous"",""Adventure, Comedy, Drama"",7.9,298444,2000"
"tt0118749,""Boogie Nights"",Drama,7.9,286750,1997"
"tt0190332,""Crouching Tiger, Hidden Dragon"",""Action, Adventure, Drama"",7.9,284582,2000"
"tt0432283,""Fantastic Mr. Fox"",""Adventure, Animation, Comedy"",7.9,277644,2009"
"tt1655442,""The Artist"",""Comedy, Drama, Romance"",7.9,250289,2011"
"tt0108399,""True Romance"",""Crime, Drama, Romance"",7.9,246534,1993"
"tt0058461,""A Fistful of Dollars"",""Action, Drama, Western"",7.9,238169,1964"
"tt0106519,""Carlito's Way"",""Crime, Drama, Thriller"",7.9,236087,1993"
"tt0080455,""The Blues Brothers"",""Action, Adventure, Comedy"",7.9,218077,1980"
"tt0299977,Hero,""Action, Adventure, Drama"",7.9,189136,2002"
"tt2543472,Wonder,""Drama, Family"",7.9,183756,2017"
"tt2209418,""Before Midnight"",""Drama, Romance"",7.9,175546,2013"
"tt0085334,""A Christmas Story"",""Comedy, Family"",7.9,169823,1983"
"tt14849194,""The Holdovers"",""Comedy, Drama"",7.9,168897,2023"
"tt0033870,""The Maltese Falcon"",""Crime, Film-Noir, Mystery"",7.9,168474,1941"
"tt0113568,""Ghost in the Shell"",""Action, Animation, Crime"",7.9,160862,1995"
"tt0040746,Rope,""Crime, Drama, Mystery"",7.9,157342,1948"
"tt0088258,""This Is Spinal Tap"",""Comedy, Music"",7.9,149239,1984"
"tt0054331,Spartacus,""Adventure, Biography, Drama"",7.9,145458,1960"
"tt0044079,""Strangers on a Train"",""Crime, Drama, Film-Noir"",7.9,143306,1951"
"tt2265171,""The Raid 2"",""Action, Crime, Thriller"",7.9,133234,2014"
"tt0074119,""All the President's Men"",""Drama, History, Thriller"",7.9,128521,1976"
"tt0287467,""Talk to Her"",""Drama, Mystery, Romance"",7.9,118656,2002"
"tt0168629,""Dancer in the Dark"",""Crime, Drama, Musical"",7.9,118518,2000"
"tt1188996,""My Name Is Khan"",""Adventure, Drama, Romance"",7.9,117991,2010"
"tt0044081,""A Streetcar Named Desire"",Drama,7.9,115740,1951"
"tt0097216,""Do the Right Thing"",""Comedy, Drama"",7.9,115208,1989"
"tt0044706,""High Noon"",""Drama, Thriller, Western"",7.9,111847,1952"
"tt0066206,Patton,""Biography, Drama, War"",7.9,109487,1970"
"tt0038787,Notorious,""Drama, Film-Noir, Romance"",7.9,109104,1946"
tt1602620,Amour,Drama,7.9,106953,2012
"tt3544112,""Sing Street"",""Comedy, Drama, Music"",7.9,102787,2016"
"tt0049406,""The Killing"",""Crime, Drama, Film-Noir"",7.9,100005,1956"
"tt0069293,Solaris,""Drama, Mystery, Sci-Fi"",7.9,99957,1972"
"tt2370248,""Short Term 12"",Drama,7.9,92728,2013"
"tt0024216,""King Kong"",""Adventure, Horror"",7.9,92440,1933"
"tt0038355,""The Big Sleep"",""Crime, Film-Noir, Mystery"",7.9,91878,1946"
"tt0065214,""The Wild Bunch"",""Action, Adventure, Drama"",7.9,91645,1969"
"tt8075192,Shoplifters,""Crime, Drama, Thriller"",7.9,88984,2018"
"tt0054997,""The Hustler"",""Drama, Sport"",7.9,87794,1961"
"tt0061811,""In the Heat of the Night"",""Drama, Mystery, Thriller"",7.9,84944,1967"
"tt0059113,""Doctor Zhivago"",""Drama, Romance, War"",7.9,83221,1965"
"tt0067185,""Harold and Maude"",""Comedy, Drama, Romance"",7.9,82915,1971"
"tt0056218,""The Manchurian Candidate"",""Drama, Thriller"",7.9,81023,1962"
"tt0049833,""The Ten Commandments"",""Adventure, Drama, Family"",7.9,79077,1956"
"tt0093191,""Wings of Desire"",""Drama, Fantasy, Romance"",7.9,79001,1987"
"tt0078841,""Being There"",""Comedy, Drama"",7.9,78975,1979"
"tt0347304,""Kal Ho Naa Ho"",""Comedy, Drama, Musical"",7.9,76778,2003"
"tt0036613,""Arsenic and Old Lace"",""Comedy, Crime, Thriller"",7.9,75892,1944"
"tt1587707,""Exit Through the Gift Shop"",""Comedy, Crime, Documentary"",7.9,69389,2010"
"tt13664684,""Karthikeya 2"",""Action, Adventure, Fantasy"",7.9,64499,2022"
"tt1032846,""4 Months, 3 Weeks and 2 Days"",Drama,7.9,63893,2007"
"tt27503384,""Perfect Days"",Drama,7.9,62647,2023"
"tt0015648,""Battleship Potemkin"",""Drama, History, Thriller"",7.9,62327,1925"
"tt3848892,Baby,""Action, Crime, Thriller"",7.9,61240,2015"
"tt1093370,""Jab We Met"",""Comedy, Drama, Romance"",7.9,60350,2007"
"tt0046359,""Stalag 17"",""Comedy, Drama, War"",7.9,59486,1953"
"tt4387040,Airlift,""Action, Drama, History"",7.9,59250,2016"
"tt0423866,3-Iron,""Crime, Drama, Romance"",7.9,59027,2004"
"tt0042546,Harvey,""Comedy, Drama, Fantasy"",7.9,58855,1950"
"tt0347048,Head-On,""Drama, Romance"",7.9,58510,2004"
"tt1360860,""About Elly"",""Drama, Mystery"",7.9,58104,2009"
"tt0247586,""Nine Queens"",""Crime, Drama, Thriller"",7.9,58059,2000"
"tt5116302,Togo,""Adventure, Biography, Drama"",7.9,57354,2019"
"tt6333060,Icarus,""Documentary, Sport"",7.9,55739,2017"
"tt0039628,""Miracle on 34th Street"",""Comedy, Drama, Family"",7.9,55468,1947"
"tt0029843,""The Adventures of Robin Hood"",""Action, Adventure, Romance"",7.9,55250,1938"
"tt0051459,""Cat on a Hot Tin Roof"",Drama,7.9,54370,1958"
"tt0072443,Mirror,""Biography, Drama"",7.9,53526,1975"
"tt0037008,Laura,""Drama, Film-Noir, Mystery"",7.9,52544,1944"
"tt0069281,Sleuth,""Mystery, Thriller"",7.9,50768,1972"
"tt0283509,""No Man's Land"",""Comedy, Drama, War"",7.9,49259,2001"
"tt0376968,""The Return"",Drama,7.9,48039,2003"
"tt2395469,""Gully Boy"",""Drama, Music, Romance"",7.9,44457,2019"
"tt2199711,Vishwaroopam,""Action, Thriller"",7.9,41149,2013"
"tt0037884,""The Lost Weekend"",""Drama, Film-Noir"",7.9,40944,1945"
"tt0080979,""Kagemusha: The Shadow Warrior"",""Drama, History, War"",7.9,38879,1980"
"tt7725596,""Badhaai Ho"",""Comedy, Drama"",7.9,38615,2018"
"tt7485048,""Super 30"",""Biography, Drama"",7.9,38083,2019"
"tt0069467,""Cries & Whispers"",Drama,7.9,37685,1972"
"tt0110729,""Once Were Warriors"",""Crime, Drama"",7.9,37525,1994"
"tt0042593,""In a Lonely Place"",""Drama, Film-Noir, Mystery"",7.9,36420,1950"
"tt0106469,""Blood In, Blood Out"",""Biography, Crime, Drama"",7.9,35253,1993"
"tt0063227,""The Lion in Winter"",""Biography, Drama, History"",7.9,34753,1968"
"tt0065571,""The Conformist"",Drama,7.9,34497,1970"
"tt4330758,""Black Hawk Down"",Documentary,7.9,34120,1997"
"tt6878038,""A Taxi Driver"",""Action, Drama, History"",7.9,33138,2017"
"tt0025878,""The Thin Man"",""Comedy, Crime, Mystery"",7.9,33098,1934"
"tt1327035,Dev.D,""Comedy, Drama, Romance"",7.9,32660,2009"
"tt0091670,""The Sacrifice"",Drama,7.9,31968,1986"
"tt27470893,""Chandu Champion"",""Action, Biography, Drama"",7.9,31889,2024"
"tt0031885,""The Rules of the Game"",""Comedy, Drama"",7.9,31831,1939"
tt0086022,Nostalghia,Drama,7.9,30849,1983
"tt0045555,""The Big Heat"",""Crime, Film-Noir, Thriller"",7.9,30161,1953"
"tt0061809,""In Cold Blood"",""Biography, Crime, Drama"",7.9,29931,1967"
"tt0057091,""The Leopard"",""Drama, History"",7.9,29826,1963"
"tt7218518,""Pad Man"",""Comedy, Drama"",7.9,29739,2018"
"tt0051378,""Elevator to the Gallows"",""Crime, Drama, Thriller"",7.9,29422,1958"
"tt0065531,""The Red Circle"",""Crime, Drama, Thriller"",7.9,29333,1970"
"tt0037913,""Mildred Pierce"",""Crime, Drama, Film-Noir"",7.9,29280,1945"
"tt0034240,""Sullivan's Travels"",""Adventure, Comedy, Drama"",7.9,29141,1941"
"tt0038348,""Beauty and the Beast"",""Drama, Fantasy, Romance"",7.9,28544,1946"
"tt7294534,""Arjun Reddy"",""Action, Drama, Romance"",7.9,28236,2017"
"tt1702014,""The Way He Looks"",""Drama, Romance"",7.9,28143,2014"
"tt0055499,""Through a Glass Darkly"",Drama,7.9,27827,1961"
"tt0028010,""My Man Godfrey"",""Comedy, Drama, Romance"",7.9,26995,1936"
"tt0096257,""The Thin Blue Line"",""Crime, Documentary"",7.9,26525,1988"
"tt0860906,""Evangelion: 2.0 You Can (Not) Advance"",""Action, Animation, Drama"",7.9,25777,2009"
"tt0054130,""La Notte"",Drama,7.9,24663,1961"
"tt2882328,Ugly,""Crime, Drama, Mystery"",7.9,23943,2013"
"tt5804038,""I Am Not Your Negro"",""Documentary, History"",7.9,23838,2016"
"tt0029870,""Angels with Dirty Faces"",""Crime, Drama, Film-Noir"",7.9,23595,1938"
"tt0064541,Kes,""Drama, Family"",7.9,23443,1969"
tt0092048,Tampopo,Comedy,7.9,23383,1985
"tt0055256,""One, Two, Three"",Comedy,7.9,23378,1961"
"tt0058430,Onibaba,""Drama, Horror, Thriller"",7.9,22900,1964"
"tt1277737,""The Stoning of Soraya M."",Drama,7.9,22098,2008"
"tt0051411,""The Big Country"",""Drama, Romance, Western"",7.9,21702,1958"
"tt0058279,Kwaidan,""Drama, Fantasy, Horror"",7.9,20715,1964"
"tt0060474,""Don't Look Now... We're Being Shot At!"",""Adventure, Comedy, War"",7.9,20708,1966"
"tt8430054,Flee,""Animation, Biography, Documentary"",7.9,20011,2021"
"tt0035140,""Now, Voyager"",""Drama, Romance"",7.9,19422,1942"
"tt0118147,""When We Were Kings"",""Documentary, Sport"",7.9,19369,1996"
"tt1087578,""Still Walking"",Drama,7.9,19232,2008"
"tt0118751,Border,""Action, Drama, History"",7.9,18000,1997"
"tt0051994,""A Night to Remember"",""Drama, History"",7.9,17677,1958"
"tt1157605,Anvil,""Biography, Documentary, Drama"",7.9,16985,2008"
"tt0023622,""Trouble in Paradise"",""Comedy, Crime, Romance"",7.9,16508,1932"
"tt0200654,""On Board"",""Crime, Drama"",7.9,16446,1998"
"tt0031867,""The Roaring Twenties"",""Crime, Drama, Film-Noir"",7.9,16083,1939"
"tt0988108,""The Class"",Drama,7.9,16032,2007"
"tt11772746,Thiruchitrambalam,""Comedy, Drama, Musical"",7.9,16026,2022"
"tt0042788,""Night and the City"",""Crime, Film-Noir, Sport"",7.9,15626,1950"
"tt19653180,""Leila's Brothers"",Drama,7.9,15236,2022"
"tt11790780,""The Alpinist"",""Biography, Documentary"",7.9,15120,2021"
"tt0156794,""Eternity and a Day"",Drama,7.9,14874,1998"
tt0393597,Earth,Documentary,7.9,14783,2007
"tt1183919,Marley,""Biography, Documentary, Music"",7.9,14653,2012"
"tt0055913,""Divorce Italian Style"",""Comedy, Drama, Romance"",7.9,14559,1961"
"tt0089603,""Mishima: A Life in Four Chapters"",""Biography, Drama"",7.9,14433,1985"
"tt0222012,""Hey Ram"",""Crime, Drama, History"",7.9,14253,2000"
"tt0091341,Kin-dza-dza!,""Comedy, Drama, Sci-Fi"",7.9,14084,1986"
"tt0040536,""Letter from an Unknown Woman"",""Drama, Romance"",7.9,13993,1948"
"tt0023563,""The Testament of Dr. Mabuse"",""Crime, Mystery, Thriller"",7.9,13805,1933"
"tt0069687,""Alice in the Cities"",Drama,7.9,13788,1974"
"tt4309356,Ivy,""Drama, Fantasy, Thriller"",7.9,13764,2015"
"tt0041719,Orpheus,""Drama, Fantasy, Romance"",7.9,13680,1950"
"tt1077248,""Johnny Gaddaar"",""Crime, Drama, Thriller"",7.9,13419,2007"
"tt0033836,""The Little Foxes"",""Drama, Romance"",7.9,13371,1941"
"tt30796448,""The Greatest Night in Pop"",""Documentary, Music"",7.9,13214,2024"
"tt8108200,Sonchiriya,""Action, Crime, Drama"",7.9,13172,2019"
"tt5221894,""The Other Me"",""Crime, Drama, Mystery"",7.9,13038,2016"
"tt3614516,""Ankhon Dekhi"",""Comedy, Drama"",7.9,13014,2013"
"tt0051383,""Auntie Mame"",""Comedy, Drama, Romance"",7.9,12971,1958"
"tt0079672,""Opening Night"",Drama,7.9,12749,1977"
"tt0301727,""Winged Migration"",Documentary,7.9,12436,2001"
"tt0060277,""The Sword of Doom"",""Action, Drama"",7.9,12358,1966"
"tt0052216,""Big Deal on Madonna Street"",""Comedy, Crime"",7.9,11803,1958"
tt0117040,Microcosmos,Documentary,7.9,11777,1996
"tt0031385,""Goodbye, Mr. Chips"",""Drama, Romance"",7.9,11737,1939"
"tt11833648,""The Book of Sun"",Comedy,7.9,11669,2020"
"tt0074360,""Cría Cuervos"",Drama,7.9,11632,1976"
"tt0113703,""Love Letter"",""Drama, Romance"",7.9,11447,1995"
"tt0046022,""The Earrings of Madame De..."",""Drama, Romance"",7.9,11345,1953"
"tt0997246,""The Song of Sparrows"",""Drama, Family"",7.9,11279,2008"
"tt0028691,""Captains Courageous"",""Adventure, Drama, Family"",7.9,11163,1937"
"tt2130321,""West of Memphis"",""Crime, Documentary"",7.9,11115,2012"
"tt0814075,""Deliver Us from Evil"",""Crime, Documentary"",7.9,10946,2006"
"tt0061065,""The Face of Another"",""Drama, Sci-Fi, Thriller"",7.9,10813,1966"
"tt0436231,""The Devil and Daniel Johnston"",""Biography, Documentary, Music"",7.9,10621,2005"
"tt0478813,""The Trap"",""Crime, Drama, Thriller"",7.9,10447,2007"
"tt0096028,""Salaam Bombay!"",""Crime, Drama"",7.9,10273,1988"
"tt0061589,""Bob Dylan: Dont Look Back"",""Documentary, Music"",7.9,10157,1967"
"tt0096288,""Landscape in the Mist"",Drama,7.9,10002,1988"
"tt2488496,""Star Wars: Episode VII - The Force Awakens"",""Action, Adventure, Sci-Fi"",7.8,986141,2015"
"tt0903624,""The Hobbit: An Unexpected Journey"",""Adventure, Fantasy"",7.8,888109,2012"
"tt3498820,""Captain America: Civil War"",""Action, Sci-Fi"",7.8,868664,2016"
"tt1877830,""The Batman"",""Action, Crime, Drama"",7.8,827455,2022"
"tt1285016,""The Social Network"",""Biography, Drama"",7.8,773243,2010"
"tt5013056,Dunkirk,""Action, Drama, History"",7.8,755325,2017"
"tt1074638,Skyfall,""Action, Adventure, Thriller"",7.8,740365,2012"
"tt5052448,""Get Out"",""Horror, Mystery, Thriller"",7.8,731246,2017"
"tt0780504,Drive,""Action, Drama"",7.8,719527,2011"
"tt1170358,""The Hobbit: The Desolation of Smaug"",""Adventure, Fantasy"",7.8,718559,2013"
"tt0421715,""The Curious Case of Benjamin Button"",""Drama, Fantasy, Romance"",7.8,707474,2008"
"tt3748528,""Rogue One: A Star Wars Story"",""Action, Adventure, Sci-Fi"",7.8,700158,2016"
"tt3460252,""The Hateful Eight"",""Crime, Drama, Mystery"",7.8,673743,2015"
"tt0162222,""Cast Away"",""Adventure, Drama, Romance"",7.8,650839,2000"
"tt0332280,""The Notebook"",""Drama, Romance"",7.8,636625,2004"
"tt2872718,Nightcrawler,""Crime, Drama, Thriller"",7.8,619598,2014"
"tt0258463,""The Bourne Identity"",""Action, Mystery, Thriller"",7.8,585476,2002"
"tt0096874,""Back to the Future Part II"",""Adventure, Comedy, Sci-Fi"",7.8,585030,1989"
"tt6710474,""Everything Everywhere All at Once"",""Action, Adventure, Comedy"",7.8,555574,2022"
"tt0425112,""Hot Fuzz"",""Action, Comedy, Mystery"",7.8,544085,2007"
"tt0449059,""Little Miss Sunshine"",""Comedy, Drama"",7.8,526985,2006"
"tt2245084,""Big Hero 6"",""Action, Adventure, Animation"",7.8,514780,2014"
"tt1568346,""The Girl with the Dragon Tattoo"",""Crime, Drama, Mystery"",7.8,504124,2011"
"tt1535109,""Captain Phillips"",""Action, Biography, Crime"",7.8,499862,2013"
"tt1596363,""The Big Short"",""Biography, Comedy, Drama"",7.8,496749,2015"
"tt0139654,""Training Day"",""Crime, Drama, Thriller"",7.8,483295,2001"
"tt0325710,""The Last Samurai"",""Action, Drama"",7.8,479370,2003"
"tt0093773,Predator,""Action, Adventure, Horror"",7.8,466508,1987"
"tt0087332,Ghostbusters,""Action, Comedy, Fantasy"",7.8,461586,1984"
"tt0765429,""American Gangster"",""Biography, Crime, Drama"",7.8,461521,2007"
"tt0088847,""The Breakfast Club"",""Comedy, Drama"",7.8,446826,1985"
"tt1302006,""The Irishman"",""Biography, Crime, Drama"",7.8,440989,2019"
"tt8367814,""The Gentlemen"",""Action, Crime"",7.8,417993,2019"
"tt2194499,""About Time"",""Comedy, Drama, Fantasy"",7.8,399045,2013"
"tt0091042,""Ferris Bueller's Day Off"",Comedy,7.8,394871,1986"
"tt0964517,""The Fighter"",""Action, Biography, Drama"",7.8,393585,2010"
"tt1182345,Moon,""Drama, Mystery, Sci-Fi"",7.8,381032,2009"
"tt1646971,""How to Train Your Dragon 2"",""Action, Adventure, Animation"",7.8,371529,2014"
"tt1748122,""Moonrise Kingdom"",""Adventure, Comedy, Drama"",7.8,370018,2012"
"tt6263850,""Deadpool & Wolverine"",""Action, Adventure, Comedy"",7.8,349780,2024"
"tt0414387,""Pride & Prejudice"",""Drama, Romance"",7.8,339771,2005"
"tt0472043,Apocalypto,""Action, Adventure, Drama"",7.8,336936,2006"
"tt0094226,""The Untouchables"",""Crime, Drama, Thriller"",7.8,336600,1987"
"tt5726616,""Call Me by Your Name"",""Drama, Romance"",7.8,327210,2017"
"tt0106977,""The Fugitive"",""Action, Crime, Drama"",7.8,325663,1993"
"tt4034228,""Manchester by the Sea"",Drama,7.8,322405,2016"
